row status,DOCUMENTED STATUS,title,status,requested,image_link_url,image_link,image_link_title,reference_image_url,reference_image_title,video_link,topic,noun_project,team,description,body,social_tags,event
,,Community Supported Agriculture,Find images of sketches,y,,,,,,,Food & Nutrition,,,,,"iconathon, iconathonla, codeforamerica, nounproject, food, nutrition, food & nutrition",Iconathon Fall 2011: LA Food & Nutrition
,,Farmer's Market,Being Vectorized,y,,,,,,,Food & Nutrition,,,,,"iconathon, iconathonla, codeforamerica, nounproject, food, nutrition, food & nutrition",Iconathon Fall 2011: LA Food & Nutrition
,,Gluten-Free,Being Vectorized,y,,,,,,,Food & Nutrition,,,,,"iconathon, iconathonla, codeforamerica, nounproject, food, nutrition, food & nutrition",Iconathon Fall 2011: LA Food & Nutrition
,,Urban Agriculture,Find images of sketches,y,,,,,,,Food & Nutrition,,,,,"iconathon, iconathonla, codeforamerica, nounproject, food, nutrition, food & nutrition",Iconathon Fall 2011: LA Food & Nutrition
,,Free-Range (Cattle),Find images of sketches,y,,,,,,,Food & Nutrition,,,,,"iconathon, iconathonla, codeforamerica, nounproject, food, nutrition, food & nutrition",Iconathon Fall 2011: LA Food & Nutrition
,,Free-Range (Chickens),Find images of sketches,y,,,,,,,Food & Nutrition,,,,,"iconathon, iconathonla, codeforamerica, nounproject, food, nutrition, food & nutrition",Iconathon Fall 2011: LA Food & Nutrition
,,Fried,Find images of sketches,y,,,,,,,Food & Nutrition,,,,,"iconathon, iconathonla, codeforamerica, nounproject, food, nutrition, food & nutrition",Iconathon Fall 2011: LA Food & Nutrition
,,Fruit Picking/Fruit Tree/Orchard,Find images of sketches,y,,,,,,,Food & Nutrition,,,,,"iconathon, iconathonla, codeforamerica, nounproject, food, nutrition, food & nutrition",Iconathon Fall 2011: LA Food & Nutrition
,,Gleaning,Find images of sketches,y,,,,,,,Food & Nutrition,,,,,"iconathon, iconathonla, codeforamerica, nounproject, food, nutrition, food & nutrition",Iconathon Fall 2011: LA Food & Nutrition
,,Produce,Find images of sketches,y,,,,,,,Food & Nutrition,,,,,"iconathon, iconathonla, codeforamerica, nounproject, food, nutrition, food & nutrition",Iconathon Fall 2011: LA Food & Nutrition
,,Compost,Find images of sketches,y,,,,,,,Food & Nutrition,,,,,"iconathon, iconathonla, codeforamerica, nounproject, food, nutrition, food & nutrition",Iconathon Fall 2011: LA Food & Nutrition
,,Locally Grown,Being Vectorized,y,,,,,,,Food & Nutrition,,,,,"iconathon, iconathonla, codeforamerica, nounproject, food, nutrition, food & nutrition",Iconathon Fall 2011: LA Food & Nutrition
,,Taste Test,Find images of sketches,y,,,,,,,Food & Nutrition,,,,,"iconathon, iconathonla, codeforamerica, nounproject, food, nutrition, food & nutrition",Iconathon Fall 2011: LA Food & Nutrition
,,Affordable Food,Not started,y,,,,,,,Food & Nutrition,,,,,"iconathon, iconathonla, codeforamerica, nounproject, food, nutrition, food & nutrition",Iconathon Fall 2011: LA Food & Nutrition
,,Convenience Store,Not started,y,,,,,,,Food & Nutrition,,,,,"iconathon, iconathonla, codeforamerica, nounproject, food, nutrition, food & nutrition",Iconathon Fall 2011: LA Food & Nutrition
,,"Ethically Produced/Animal Welfare (humanely raised, cage-free)",Not started,y,,,,,,,Food & Nutrition,,,,,"iconathon, iconathonla, codeforamerica, nounproject, food, nutrition, food & nutrition",Iconathon Fall 2011: LA Food & Nutrition
,,Food Hub (Regional Food Distribution),Has research,y,,,,,,,Food & Nutrition,,,,,"iconathon, iconathonla, codeforamerica, nounproject, food, nutrition, food & nutrition",Iconathon Fall 2011: LA Food & Nutrition
,,Genetically Engineered Food (GMO),Not started,y,,,,,,,Food & Nutrition,,,,,"iconathon, iconathonla, codeforamerica, nounproject, food, nutrition, food & nutrition",Iconathon Fall 2011: LA Food & Nutrition
,,Healthy / Nutritious,Not started,y,,,,,,,Food & Nutrition,,,,,"iconathon, iconathonla, codeforamerica, nounproject, food, nutrition, food & nutrition",Iconathon Fall 2011: LA Food & Nutrition
,,Healthy Food Store,Not started,y,,,,,,,Food & Nutrition,,,,,"iconathon, iconathonla, codeforamerica, nounproject, food, nutrition, food & nutrition",Iconathon Fall 2011: LA Food & Nutrition
,,Kid-Friendly,Not started,y,,,,,,,Food & Nutrition,,,,,"iconathon, iconathonla, codeforamerica, nounproject, food, nutrition, food & nutrition",Iconathon Fall 2011: LA Food & Nutrition
,,No Animal By-Products,Not started,y,,,,,,,Food & Nutrition,,,,,"iconathon, iconathonla, codeforamerica, nounproject, food, nutrition, food & nutrition",Iconathon Fall 2011: LA Food & Nutrition
,,No artificial preservatives,Not started,y,,,,,,,Food & Nutrition,,,,,"iconathon, iconathonla, codeforamerica, nounproject, food, nutrition, food & nutrition",Iconathon Fall 2011: LA Food & Nutrition
,,No hydrogenated fats,Not started,y,,,,,,,Food & Nutrition,,,,,"iconathon, iconathonla, codeforamerica, nounproject, food, nutrition, food & nutrition",Iconathon Fall 2011: LA Food & Nutrition
,,Ocean-friendly/Sustainable Seafood,Not started,y,,,,,,,Food & Nutrition,,,,,"iconathon, iconathonla, codeforamerica, nounproject, food, nutrition, food & nutrition",Iconathon Fall 2011: LA Food & Nutrition
,,Organic,Not started,y,,,,,,,Food & Nutrition,,,,,"iconathon, iconathonla, codeforamerica, nounproject, food, nutrition, food & nutrition",Iconathon Fall 2011: LA Food & Nutrition
,,Pesticide-free,Not started,y,,,,,,,Food & Nutrition,,,,,"iconathon, iconathonla, codeforamerica, nounproject, food, nutrition, food & nutrition",Iconathon Fall 2011: LA Food & Nutrition
,,Plastic Bag,Not started,y,,,,,,,Food & Nutrition,,,,,"iconathon, iconathonla, codeforamerica, nounproject, food, nutrition, food & nutrition",Iconathon Fall 2011: LA Food & Nutrition
,,Soup Kitchen,Not started,y,,,,,,,Food & Nutrition,,,,,"iconathon, iconathonla, codeforamerica, nounproject, food, nutrition, food & nutrition",Iconathon Fall 2011: LA Food & Nutrition
,,Sustainably-Produced,Not started,y,,,,,,,Food & Nutrition,,,,,"iconathon, iconathonla, codeforamerica, nounproject, food, nutrition, food & nutrition",Iconathon Fall 2011: LA Food & Nutrition
,,Vegan,Not started,y,,,,,,,Food & Nutrition,,,,,"iconathon, iconathonla, codeforamerica, nounproject, food, nutrition, food & nutrition",Iconathon Fall 2011: LA Food & Nutrition
,,Veggie voucher,Not started,y,,,,,,,Food & Nutrition,,,,,"iconathon, iconathonla, codeforamerica, nounproject, food, nutrition, food & nutrition",Iconathon Fall 2011: LA Food & Nutrition
,,Whole Food,Has research,y,,,,,,,Food & Nutrition,,,,,"iconathon, iconathonla, codeforamerica, nounproject, food, nutrition, food & nutrition",Iconathon Fall 2011: LA Food & Nutrition
,,Whole-grain,Not started,y,,,,,,,Food & Nutrition,,,,,"iconathon, iconathonla, codeforamerica, nounproject, food, nutrition, food & nutrition",Iconathon Fall 2011: LA Food & Nutrition
,,Animal Farm,Not started,y,,,,,,,Food & Nutrition,,,,,"iconathon, iconathonla, codeforamerica, nounproject, food, nutrition, food & nutrition",Iconathon Fall 2011: LA Food & Nutrition
,,Backyard Harvesting,Has research,y,,,,,,,Food & Nutrition,,,,,"iconathon, iconathonla, codeforamerica, nounproject, food, nutrition, food & nutrition",Iconathon Fall 2011: LA Food & Nutrition
,,Community Food Security,Has research,y,,,,,,,Food & Nutrition,,,,,"iconathon, iconathonla, codeforamerica, nounproject, food, nutrition, food & nutrition",Iconathon Fall 2011: LA Food & Nutrition
,,Co-op,Not started,y,,,,,,,Food & Nutrition,,,,,"iconathon, iconathonla, codeforamerica, nounproject, food, nutrition, food & nutrition",Iconathon Fall 2011: LA Food & Nutrition
,,EBT (Card for Food Stamps),Not started,y,,,,,,,Food & Nutrition,,,,,"iconathon, iconathonla, codeforamerica, nounproject, food, nutrition, food & nutrition",Iconathon Fall 2011: LA Food & Nutrition
,,Edible,Not started,y,,,,,,,Food & Nutrition,,,,,"iconathon, iconathonla, codeforamerica, nounproject, food, nutrition, food & nutrition",Iconathon Fall 2011: LA Food & Nutrition
,,Farm Stand,Not started,y,,,,,,,Food & Nutrition,,,,,"iconathon, iconathonla, codeforamerica, nounproject, food, nutrition, food & nutrition",Iconathon Fall 2011: LA Food & Nutrition
,,Food Assistance,Not started,y,,,,,,,Food & Nutrition,,,,,"iconathon, iconathonla, codeforamerica, nounproject, food, nutrition, food & nutrition",Iconathon Fall 2011: LA Food & Nutrition
,,Food Court,Not started,y,,,,,,,Food & Nutrition,,,,,"iconathon, iconathonla, codeforamerica, nounproject, food, nutrition, food & nutrition",Iconathon Fall 2011: LA Food & Nutrition
,,Food Desert,Has research,y,,,,,,,Food & Nutrition,,,,,"iconathon, iconathonla, codeforamerica, nounproject, food, nutrition, food & nutrition",Iconathon Fall 2011: LA Food & Nutrition
,,Food Donation drop off/location,Not started,y,,,,,,,Food & Nutrition,,,,,"iconathon, iconathonla, codeforamerica, nounproject, food, nutrition, food & nutrition",Iconathon Fall 2011: LA Food & Nutrition
,,Food Justice,Has research,y,,,,,,,Food & Nutrition,,,,,"iconathon, iconathonla, codeforamerica, nounproject, food, nutrition, food & nutrition",Iconathon Fall 2011: LA Food & Nutrition
,,Food Secure,Has research,y,,,,,,,Food & Nutrition,,,,,"iconathon, iconathonla, codeforamerica, nounproject, food, nutrition, food & nutrition",Iconathon Fall 2011: LA Food & Nutrition
,,Grain,Not started,y,,,,,,,Food & Nutrition,,,,,"iconathon, iconathonla, codeforamerica, nounproject, food, nutrition, food & nutrition",Iconathon Fall 2011: LA Food & Nutrition
,,Herbs,Not started,y,,,,,,,Food & Nutrition,,,,,"iconathon, iconathonla, codeforamerica, nounproject, food, nutrition, food & nutrition",Iconathon Fall 2011: LA Food & Nutrition
,,Native Plant,Has research,y,,,,,,,Food & Nutrition,,,,,"iconathon, iconathonla, codeforamerica, nounproject, food, nutrition, food & nutrition",Iconathon Fall 2011: LA Food & Nutrition
,,Regional Food System,Has research,y,,,,,,,Food & Nutrition,,,,,"iconathon, iconathonla, codeforamerica, nounproject, food, nutrition, food & nutrition",Iconathon Fall 2011: LA Food & Nutrition
,,School Lunch/2nd Chance Breakfast,Not started,y,,,,,,,Food & Nutrition,,,,,"iconathon, iconathonla, codeforamerica, nounproject, food, nutrition, food & nutrition",Iconathon Fall 2011: LA Food & Nutrition
,,SNAP (Supplemental Nutrition Assistance Program) - authorized store or market,Not started,y,,,,,,,Food & Nutrition,,,,,"iconathon, iconathonla, codeforamerica, nounproject, food, nutrition, food & nutrition",Iconathon Fall 2011: LA Food & Nutrition
,,Street Food Vendor,Not started,y,,,,,,,Food & Nutrition,,,,,"iconathon, iconathonla, codeforamerica, nounproject, food, nutrition, food & nutrition",Iconathon Fall 2011: LA Food & Nutrition
,,Vertical Farm,Has research,y,,,,,,,Food & Nutrition,,,,,"iconathon, iconathonla, codeforamerica, nounproject, food, nutrition, food & nutrition",Iconathon Fall 2011: LA Food & Nutrition
,,Wholesale Market,Not started,y,,,,,,,Food & Nutrition,,,,,"iconathon, iconathonla, codeforamerica, nounproject, food, nutrition, food & nutrition",Iconathon Fall 2011: LA Food & Nutrition
,,"WIC (Special Supplemental Nutrition Program for Women, Infants and Children) - authorized store or market",Not started,y,,,,,,,Food & Nutrition,,,,,"iconathon, iconathonla, codeforamerica, nounproject, food, nutrition, food & nutrition",Iconathon Fall 2011: LA Food & Nutrition
,,Beehive/Bee,Being Vectorized,y,,,,,,,Food & Nutrition,,,,,"iconathon, iconathonla, codeforamerica, nounproject, food, nutrition, food & nutrition",Iconathon Fall 2011: LA Food & Nutrition
,,Farm,Being Vectorized,y,,,,,,,Food & Nutrition,,,,,"iconathon, iconathonla, codeforamerica, nounproject, food, nutrition, food & nutrition",Iconathon Fall 2011: LA Food & Nutrition
,,Farm to School,Being Vectorized,y,,,,,,,Food & Nutrition,,,,,"iconathon, iconathonla, codeforamerica, nounproject, food, nutrition, food & nutrition",Iconathon Fall 2011: LA Food & Nutrition
,,Food Bank/Pantry,Being Vectorized,y,,,,,,,Food & Nutrition,,,,,"iconathon, iconathonla, codeforamerica, nounproject, food, nutrition, food & nutrition",Iconathon Fall 2011: LA Food & Nutrition
,,School/Community Garden,Being Vectorized,y,,,,,,,Food & Nutrition,,,,,"iconathon, iconathonla, codeforamerica, nounproject, food, nutrition, food & nutrition",Iconathon Fall 2011: LA Food & Nutrition
,,Urban Farm,Being Vectorized,y,,,,,,,Food & Nutrition,,,,,"iconathon, iconathonla, codeforamerica, nounproject, food, nutrition, food & nutrition",Iconathon Fall 2011: LA Food & Nutrition
,,Fair Trade,Being Vectorized,y,,,,,,,Food & Nutrition,,,,,"iconathon, iconathonla, codeforamerica, nounproject, food, nutrition, food & nutrition",Iconathon Fall 2011: LA Food & Nutrition
,,Guerilla Gardening,Being Vectorized,y,,,,,,,Food & Nutrition,,,,,"iconathon, iconathonla, codeforamerica, nounproject, food, nutrition, food & nutrition",Iconathon Fall 2011: LA Food & Nutrition
,,Rooftop Garden,Being Vectorized,y,,,,,,,Food & Nutrition,,,,,"iconathon, iconathonla, codeforamerica, nounproject, food, nutrition, food & nutrition",Iconathon Fall 2011: LA Food & Nutrition